{
  "experiment": "LFM Gravitational Lensing Demonstration",
  "equations_used": [
    "GOV-01: d\u00b2E/dt\u00b2 = c\u00b2\u2207\u00b2E - \u03c7\u00b2E",
    "GOV-03: \u03c7\u00b2 = \u03c7\u2080\u00b2 - g\u27e8E\u00b2\u27e9"
  ],
  "parameters": {
    "chi_0": 1.0,
    "g": 0.3,
    "mass_amplitude": 1.0,
    "mass_radius": 10.0,
    "wave_k": 0.5,
    "omega": 1.118033988749895,
    "omega_over_chi0": 1.118033988749895
  },
  "chi_field": {
    "at_center": 0.9223622526427377,
    "reduction_percent": 7.7637747357262255
  },
  "results": [
    {
      "impact_param": 20.0,
      "delta_y": -5.658916146772144,
      "theta_mrad": -17.071050814965226,
      "direction": "TOWARD mass"
    },
    {
      "impact_param": 40.0,
      "delta_y": -4.156503577908097,
      "theta_mrad": -12.50768541392555,
      "direction": "TOWARD mass"
    },
    {
      "impact_param": 60.0,
      "delta_y": -1.209729344339351,
      "theta_mrad": -3.6344550772050264,
      "direction": "TOWARD mass"
    }
  ],
  "conclusion": "Gravity emerges from LFM equations"
}